{"columns":[0.1,0.325,0.55,0.775,1.0],"index":[1.0,2.0,3.0,4.0,5.0],"data":[[0.3216216273,0.5283783847,0.7351351415,0.9418918983,1.14866158],[0.4027027093,0.6094594663,0.8162162233,1.0229729806,1.2297297361],[0.4837837905,0.6905405474,0.8972973036,1.1040540603,1.3108108171],[0.5648648714,0.7716216282,0.9783783851,1.1851351419,1.3918918989],[0.6459459524,0.8527027092,1.059459466,1.2662162228,1.4729729796]]}